mlb,ordem
MLB6143654684,1
MLB6143849282,2
MLB6143758462,3
MLB6143771476,4
MLB6143823154,5
MLB2858880945,6
MLB2858868600,7
MLB2858868464,8
MLB2858867723,9
MLB2858848891,10
MLB2858822951,11
MLB2858804099,12
MLB2858796979,13
MLB2858468873,14
MLB2858436921,15
MLB2862161058,16
MLB2862078069,17
MLB2862077937,18
MLB2862076857,19
MLB2862076549,20
MLB2862071884,21
MLB2862070974,22
MLB2862065526,23
MLB2862052583,24
MLB2862052361,25
MLB2862046405,26
MLB2862046211,27
MLB2862021153,28
MLB2862019488,29
MLB2862014508,30
MLB2862013921,31
MLB2862013614,32
MLB2861956982,33
MLB2861955403,34
MLB2866229582,35
MLB2866113306,36
MLB2866107619,37
MLB2866107018,38
MLB2866101451,39
MLB2866100243,40
MLB2866095397,41
MLB2866094943,42
MLB2866094531,43
MLB2866094329,44
MLB2865998522,45
MLB2865997840,46
MLB2865981303,47
MLB2865981025,48
MLB2865978331,49
MLB2865974631,50
MLB2865974261,51
MLB2865970476,52
MLB2865967633,53
MLB2865964372,54
MLB2865960970,55
MLB2865960818,56
MLB2865960128,57
MLB2865955113,58
MLB2865953854,59
MLB2865953274,60
MLB2865952819,61
MLB2865947932,62
MLB2865942287,63
MLB2865923662,64
MLB2865922901,65
MLB2865922445,66
MLB2865922121,67
MLB2887819621,68
MLB3053865353,69
MLB3053865345,70
MLB3053861010,71
MLB3053860345,72
MLB3053860325,73
MLB3053860318,74
MLB3053860310,75
MLB3053848871,76
MLB3053848278,77
MLB3053848275,78
MLB3053848273,79
MLB3053848261,80
MLB3053848237,81
MLB3053842783,82
MLB3053842769,83
MLB3053842191,84
MLB3053842152,85
MLB3053842146,86
MLB3053842134,87
MLB3053835872,88
MLB3053835860,89
MLB3053835842,90
MLB3053835841,91
MLB3053835820,92
MLB3053835817,93
MLB3053835810,94
MLB3053829999,95
MLB3053829341,96
MLB3053829325,97
MLB3053829322,98
MLB3053817078,99
MLB3053817062,100
MLB3053811452,101
MLB3053810860,102
MLB3053810846,103
MLB3053810828,104
MLB3053810804,105
MLB3053810803,106
MLB3053810800,107
MLB3053805166,108
MLB3053804554,109
MLB3053804552,110
MLB3053804549,111
MLB3053804532,112
MLB3053804513,113
MLB3053793243,114
MLB3053793242,115
MLB3053793241,116
MLB3053793240,117
MLB3053793230,118
MLB3053793221,119
MLB3053793217,120
MLB3053793216,121
MLB3053793210,122
MLB3053793201,123
MLB3053793196,124
MLB3104891125,125
MLB3104891117,126
MLB3104891108,127
MLB3104891101,128
MLB3104891067,129
MLB3104890644,130
MLB3104890583,131
MLB3104890569,132
MLB3104890556,133
MLB3104890549,134
MLB3104890536,135
MLB3104890529,136
MLB3104890509,137
MLB3104890474,138
MLB3104890453,139
MLB3104890437,140
MLB3104890425,141
MLB3104890409,142
MLB3104890405,143
MLB3104865906,144
MLB3104865901,145
MLB3104865899,146
MLB3104865880,147
MLB3104865435,148
MLB3104865393,149
MLB3104865386,150
MLB3104865364,151
MLB3104865344,152
MLB3104865318,153
MLB3104865303,154
MLB3104865296,155
MLB3104865293,156
MLB3104865289,157
MLB3104865271,158
MLB3104865256,159
MLB3104865251,160
MLB3104865238,161
MLB3104865215,162
MLB3104859495,163
MLB3104859477,164
MLB3104859037,165
MLB3104859011,166
MLB3104858997,167
MLB3104858989,168
MLB3104858982,169
MLB3104858974,170
MLB3104858965,171
MLB3104858952,172
MLB3104858934,173
MLB3104858927,174
MLB3104858917,175
MLB3104858867,176
MLB3104858828,177
MLB3104858826,178
MLB3104858816,179
MLB3104858810,180
MLB3104853254,181
MLB3104853236,182
MLB3104853223,183
MLB3104853209,184
MLB3104853199,185
MLB3104853192,186
MLB3104852792,187
MLB3104852787,188
MLB3104852770,189
MLB3104852708,190
MLB3104852663,191
MLB3104852595,192
MLB3104852589,193
MLB3104852578,194
MLB3104852542,195
MLB3104852516,196
MLB3104847180,197
MLB3104847160,198
MLB3104847157,199
MLB3104847149,200
MLB3104847142,201
MLB3104846655,202
MLB3104846613,203
MLB3104846591,204
MLB3104846549,205
MLB3104846535,206
MLB3104846526,207
MLB3104846519,208
MLB3104846512,209
MLB3104829069,210
MLB3104829065,211
MLB3104829059,212
MLB3104829056,213
MLB3104829051,214
MLB3104829046,215
MLB3104829041,216
MLB3104829020,217
MLB3104829008,218
MLB3104828544,219
MLB3104828538,220
MLB3104828529,221
MLB3104828516,222
MLB3104828512,223
MLB3104828507,224
MLB3104828472,225
MLB3104828450,226
MLB3104828428,227
MLB3104828425,228
MLB3104828417,229
MLB3104828406,230
MLB3104828403,231
MLB3104828368,232
MLB3104828329,233
MLB3104828325,234
MLB3104828311,235
MLB3104828288,236
MLB3104816583,237
MLB3104816553,238
MLB3104816150,239
MLB3104816145,240
MLB3104816139,241
MLB3104816129,242
MLB3104816109,243
MLB3104816071,244
MLB3104816059,245
MLB3104816034,246
MLB3104816032,247
MLB3104816000,248
MLB3104815978,249
MLB3104815921,250
MLB3104804034,251
MLB3104804028,252
MLB3104804015,253
MLB3104804011,254
MLB3104804009,255
MLB3104803987,256
MLB3104803600,257
MLB3104803570,258
MLB3104803490,259
MLB3104803465,260
MLB3104803436,261
MLB3104803390,262
MLB3104803342,263
MLB3104803313,264
MLB3104792067,265
MLB3104792066,266
MLB3104792050,267
MLB3104792013,268
MLB3104791616,269
MLB3104791594,270
MLB3104791570,271
MLB3104791518,272
MLB3104791506,273
MLB3104791460,274
MLB3104791426,275
MLB3104791406,276
MLB3104766418,277
MLB3104766391,278
MLB3104766388,279
MLB3104766376,280
MLB3104766362,281
MLB3104765954,282
MLB3104765942,283
MLB3104765903,284
MLB3104765868,285
MLB3104765855,286
MLB3104765744,287
MLB3104765739,288
MLB3104765737,289
MLB3104765711,290
MLB3109642690,291
MLB3109616386,292
MLB3109523028,293
MLB3148276156,294
MLB3206030770,295
MLB3206030747,296
MLB3206030717,297
MLB3206030690,298
MLB3206012145,299
MLB3206012108,300
MLB3206012028,301
MLB3206011999,302
MLB3205999665,303
MLB3205999635,304
MLB3205999591,305
MLB3205999483,306
MLB3205980962,307
MLB3205980952,308
MLB3205980948,309
MLB3205980938,310
MLB3205980930,311
MLB3205980926,312
MLB3205980803,313
MLB3205980790,314
MLB3205968319,315
MLB3205968286,316
MLB3205968181,317
MLB3205968142,318
MLB3205865712,319
MLB3205865700,320
MLB3205859468,321
MLB3205859447,322
MLB3205859427,323
MLB3205859395,324
MLB3205853160,325
MLB3205853149,326
MLB3205853018,327
MLB3205840556,328
MLB3205840530,329
MLB3205840527,330
MLB3205840500,331
MLB3205840497,332
MLB3205840377,333
MLB3205834564,334
MLB3205834559,335
MLB3205834470,336
MLB3239597648,337
MLB3239597611,338
MLB3239597597,339
MLB3239597591,340
MLB3239597542,341
MLB3239597493,342
MLB3239597466,343
MLB3239597396,344
MLB3239597343,345
MLB3239597309,346
MLB3239597266,347
MLB3239597101,348
MLB3239597075,349
MLB3239597036,350
MLB3239597024,351
MLB3239596979,352
MLB3239580066,353
MLB3239579270,354
MLB3239579257,355
MLB3239579190,356
MLB3239579122,357
MLB3239579058,358
MLB3239578923,359
MLB3239578875,360
MLB3239578818,361
MLB3239578712,362
MLB3239578605,363
MLB3239573511,364
MLB3239573481,365
MLB3239573439,366
MLB3239573416,367
MLB3239573398,368
MLB3239573322,369
MLB3239573318,370
MLB3239573317,371
MLB3239573302,372
MLB3239573287,373
MLB3239573281,374
MLB3239573209,375
MLB3239573197,376
MLB3239573190,377
MLB3239573155,378
MLB3239573129,379
MLB3239573087,380
MLB3239573031,381
MLB3239572947,382
MLB3239567150,383
MLB3239567069,384
MLB3239566977,385
MLB3239566766,386
MLB3239566726,387
MLB3239566696,388
MLB3239566683,389
MLB3239561274,390
MLB3239561266,391
MLB3239561197,392
MLB3239561132,393
MLB3239561062,394
MLB3239561027,395
MLB3239560975,396
MLB3239560969,397
MLB3239560869,398
MLB3239560839,399
MLB3239560817,400
MLB3239560772,401
MLB3239560703,402
MLB3239560644,403
MLB3239560584,404
MLB3239554806,405
MLB3239554656,406
MLB3239554631,407
MLB3239554595,408
MLB3239554587,409
MLB3239554566,410
MLB3239554509,411
MLB3239554464,412
MLB3239554338,413
MLB3239554322,414
MLB3239554300,415
MLB3239554237,416
MLB3239554195,417
MLB3239554137,418
MLB3239548426,419
MLB3239548420,420
MLB3239548386,421
MLB3239548376,422
MLB3239548334,423
MLB3239548329,424
MLB3239548192,425
MLB3239548172,426
MLB3239548157,427
MLB3239548089,428
MLB3239548077,429
MLB3239548052,430
MLB3239548043,431
MLB3239548034,432
MLB3239548001,433
MLB3239547957,434
MLB3239547947,435
MLB3239547874,436
MLB3239547830,437
MLB3239547821,438
MLB3239547814,439
MLB3239547809,440
MLB3239542096,441
MLB3239542005,442
MLB3239541995,443
MLB3239541972,444
MLB3239541961,445
MLB3239541904,446
MLB3239541894,447
MLB3239541889,448
MLB3239541844,449
MLB3239541822,450
MLB3239541812,451
MLB3239541765,452
MLB3239541658,453
MLB3239541635,454
MLB3239541595,455
MLB3239541583,456
MLB3239541554,457
MLB3239541550,458
MLB3239541499,459
MLB3239541443,460
MLB3239541431,461
MLB3239537321,462
MLB3239537048,463
MLB3239537042,464
MLB3239537012,465
MLB3239537006,466
MLB3239536880,467
MLB3239536870,468
MLB3239536837,469
MLB3239536832,470
MLB3239536738,471
MLB3239536599,472
MLB3239536532,473
MLB3239536518,474
MLB3239536486,475
MLB3239536444,476
MLB3239536401,477
MLB3239536358,478
MLB3239530503,479
MLB3239530466,480
MLB3239530265,481
MLB3239530163,482
MLB3239530160,483
MLB3239530125,484
MLB3239530057,485
MLB3239530023,486
MLB3295524704,487
MLB3295524486,488
MLB3295503360,489
MLB3295503208,490
MLB3295503074,491
MLB3295503058,492
MLB3295503046,493
MLB3295503028,494
MLB3295503016,495
MLB3295502844,496
MLB3295502756,497
MLB3295502614,498
MLB3295490532,499
MLB3295490468,500
MLB3295490226,501
MLB3295489944,502
MLB3295489546,503
MLB3295478310,504
MLB3295477620,505
MLB3295477402,506
MLB3295477260,507
MLB3295477186,508
MLB3295476996,509
MLB3295476938,510
MLB3295476724,511
MLB3295476694,512
MLB3295476644,513
MLB3295476562,514
MLB3295466698,515
MLB3295466446,516
MLB3295466268,517
MLB3295466020,518
MLB3295465648,519
MLB3295465576,520
MLB3295465562,521
MLB3295465174,522
MLB3295465128,523
MLB3295465094,524
MLB3295456434,525
MLB3295456410,526
MLB3295456226,527
MLB3295456204,528
MLB3295456038,529
MLB3295455956,530
MLB3295455160,531
MLB3295454980,532
MLB3295454922,533
MLB3295454654,534
MLB3295241754,535
MLB3295241732,536
MLB3295241664,537
MLB3295241414,538
MLB3295241348,539
MLB3295241210,540
MLB3295241124,541
MLB3295241040,542
MLB3295241018,543
MLB3295241004,544
MLB3295240936,545
MLB3295229398,546
MLB3295229278,547
MLB3295229170,548
MLB3295229106,549
MLB3253864941,550
MLB3253864799,551
MLB3253864539,552
MLB3253864279,553
MLB3253864193,554
MLB3253864045,555
MLB3253864017,556
MLB3253863965,557
MLB3253863907,558
MLB3253863583,559
MLB3253858921,560
MLB3253858837,561
MLB3253858817,562
MLB3253858791,563
MLB3253858747,564
MLB3253858735,565
MLB3253858195,566
MLB3253857991,567
MLB3253857937,568
MLB3253857923,569
MLB3253857829,570
MLB3253857739,571
MLB3253857681,572
MLB3253857547,573
MLB3253857461,574
MLB3253857447,575
MLB3253857401,576
MLB3253847263,577
MLB3253846937,578
MLB3253846851,579
MLB3253846717,580
MLB3253846135,581
MLB3253845977,582
MLB3253845551,583
MLB3253835611,584
MLB3253835225,585
MLB3253835103,586
MLB3253835063,587
MLB3253834817,588
MLB3253834733,589
MLB3253834191,590
MLB3253834113,591
MLB3253833965,592
MLB3253833943,593
MLB3253824239,594
MLB3253824149,595
MLB3253811471,596
MLB3253811363,597
MLB3253811191,598
MLB3307125308,599
MLB3307007444,600
MLB3307007028,601
MLB3307006258,602
MLB3306994438,603
MLB3306994028,604
MLB3257046641,605
MLB3257007709,606
MLB3256906041,607
MLB3256893555,608
MLB3256893455,609
MLB3256893237,610
MLB3256892741,611
MLB3256892627,612
MLB3256880789,613
MLB3256880001,614
MLB3256879947,615
MLB3256879811,616
MLB3256879783,617
MLB3256879715,618
MLB3256869213,619
MLB3256869103,620
MLB3256868899,621
MLB3256868865,622
MLB3256868657,623
MLB3256868615,624
MLB3256868557,625
MLB3256868409,626
MLB3256868341,627
MLB3256868091,628
MLB3256855867,629
MLB3256855779,630
MLB3256855743,631
MLB3256855661,632
MLB3256855571,633
MLB3256855313,634
MLB3256842867,635
MLB3256842729,636
MLB3256842699,637
MLB3256842585,638
MLB3256831241,639
MLB3256831161,640
MLB3256831029,641
MLB3256830819,642
MLB3256820053,643
MLB3256820013,644
MLB3256818381,645
MLB3256805869,646
MLB3256805751,647
MLB3256805735,648
MLB3256805705,649
MLB3256805655,650
MLB3256805239,651
MLB3256805195,652
MLB3256805059,653
MLB3256804905,654
MLB3256804883,655
MLB3256804867,656
MLB3256794173,657
MLB3256793969,658
MLB3256793947,659
MLB3256793907,660
MLB3256793687,661
MLB3256793547,662
MLB3256793459,663
MLB3256793403,664
MLB3256793135,665
MLB3321468854,666
MLB3261051691,667
MLB3321519892,668
MLB3321470886,669
MLB3321469666,670
MLB3261066155,671
MLB3261066097,672
MLB3261063113,673
MLB3261062167,674
MLB3353855978,675
MLB3712374394,676
MLB3712304208,677
MLB4186174634,678
MLB5016470460,679
MLB5016464796,680
MLB5016446498,681
MLB5016446298,682
MLB5016445958,683
MLB5016360990,684
MLB5016360610,685
MLB3824773507,686
MLB3831572203,687
MLB3860001767,688
MLB3867838615,689
MLB3867838611,690
MLB3867801419,691
MLB3871400595,692
MLB3873650475,693
MLB5135197528,694
MLB5135145684,695
MLB5135106948,696
MLB3886235167,697
MLB3886235157,698
MLB3886222149,699
MLB3886218065,700
MLB3886209391,701
MLB3886192215,702
MLB5298186906,703
MLB5298149386,704
MLB3985870035,705
MLB5362732188,706
MLB5362373680,707
MLB5362229666,708
MLB4040622637,709
MLB4040605371,710
MLB4040555723,711
MLB4040471307,712
MLB4040465575,713
MLB5366052032,714
MLB5366044390,715
MLB5366006298,716
MLB5365991734,717
MLB5365991442,718
MLB5365980678,719
MLB5365979514,720
MLB5365966028,721
MLB5365953682,722
MLB5365884540,723
MLB5365861476,724
MLB5365848180,725
MLB5365847774,726
MLB5365840428,727
MLB5365828578,728
MLB5365821982,729
MLB5365820240,730
MLB5365778294,731
MLB5365462044,732
MLB5365424160,733
MLB4043539945,734
MLB4043535091,735
MLB4043534511,736
MLB4043442525,737
MLB4043358517,738
MLB4043307097,739
MLB5369015536,740
MLB5368981984,741
MLB5368964090,742
MLB5368945720,743
MLB5368942866,744
MLB5368915012,745
MLB5368900740,746
MLB5368868176,747
MLB5368857010,748
MLB5368830956,749
MLB5368807108,750
MLB4046071891,751
MLB4046063193,752
MLB4046032145,753
MLB4046011599,754
MLB4045978275,755
MLB4045861995,756
MLB5407474586,757
MLB5407461382,758
MLB5407439226,759
MLB5407414558,760
MLB5406952722,761
MLB5406879186,762
MLB5406831954,763
MLB4077908413,764
MLB4077873997,765
MLB4077861737,766
MLB4077836947,767
MLB5409134508,768
MLB5409080886,769
MLB5409055014,770
MLB5408854918,771
MLB4079170011,772
MLB4079158653,773
MLB4079157827,774
MLB4079144361,775
MLB4079117457,776
MLB4079014013,777
MLB4078974919,778
MLB4078964213,779
MLB4078961253,780
MLB4078952559,781
MLB4078925249,782
MLB4078918913,783
MLB4078906961,784
MLB4078867283,785
MLB4078775559,786
MLB4078774409,787
MLB4078763023,788
MLB4078737607,789
MLB4078713043,790
MLB4078551503,791
MLB4078411253,792
MLB4078204973,793
MLB5410786442,794
MLB5410785134,795
MLB5410760486,796
MLB5410760196,797
MLB5410747564,798
MLB5410745950,799
MLB5410723578,800
MLB5410723414,801
MLB5410713232,802
MLB5410701802,803
MLB5410700318,804
MLB5410674912,805
MLB5410662110,806
MLB5410648958,807
MLB5410611940,808
MLB5410610876,809
MLB5410599682,810
MLB5410518762,811
MLB5410518242,812
MLB5410454620,813
MLB5410440494,814
MLB5410418978,815
MLB5410244852,816
MLB5410244272,817
MLB5410058060,818
MLB5409989960,819
MLB5409968384,820
MLB4080509857,821
MLB4080339095,822
MLB4080299641,823
MLB4080288611,824
MLB4080244565,825
MLB4080172669,826
MLB4080151317,827
MLB4080149593,828
MLB4080118077,829
MLB4080107431,830
MLB4080098423,831
MLB4080087131,832
MLB4080063265,833
MLB4080053439,834
MLB4080043083,835
MLB4079949315,836
MLB4079944267,837
MLB4079936375,838
MLB4079930903,839
MLB4079917741,840
MLB4079896433,841
MLB4079889829,842
MLB4079863117,843
MLB4079851983,844
MLB4079813619,845
MLB4079782049,846
MLB5411465456,847
MLB5411377470,848
MLB5411337876,849
MLB5411337708,850
MLB5411325028,851
MLB5411286800,852
MLB5411273748,853
MLB4081131997,854
MLB4081082793,855
MLB4080971585,856
MLB4080962777,857
MLB5416245032,858
MLB5416066620,859
MLB5415777472,860
MLB4084564081,861
MLB4084541091,862
MLB4084515863,863
MLB4084465765,864
MLB4084405771,865
MLB4084378707,866
MLB4084366543,867
MLB4084328757,868
MLB4084261425,869
MLB4084207593,870
MLB4084178931,871
MLB4084143565,872
MLB4084143295,873
MLB5420821150,874
MLB5420786736,875
MLB5420759188,876
MLB5420752296,877
MLB5420670994,878
MLB5420662796,879
MLB5420637748,880
MLB5420585658,881
MLB4087944673,882
MLB4087894455,883
MLB4087842205,884
MLB4087822643,885
MLB4091394943,886
MLB5453991394,887
MLB5456883406,888
MLB5456870294,889
MLB4105480793,890
MLB4105367121,891
MLB4105155455,892
MLB4059744851,893
MLB4118013075,894
MLB4087882117,895
MLB4140869497,896
MLB4140860063,897
MLB4142173531,898
MLB4142110531,899
MLB5534271840,900
MLB5551458126,901
MLB5551376796,902
MLB5551361038,903
MLB5551335462,904
MLB5551277754,905
MLB5551270128,906
MLB5551258710,907
MLB5551014618,908
MLB4152676101,909
MLB4152170751,910
MLB5558503800,911
MLB5558459178,912
MLB5558453276,913
MLB5558347924,914
MLB5558298630,915
MLB5558296654,916
MLB5557722234,917
MLB5557689422,918
MLB5557677940,919
MLB5557669650,920
MLB5557597212,921
MLB5557572016,922
MLB5557554300,923
MLB5557520522,924
MLB5557386316,925
MLB5557385716,926
MLB5557373518,927
MLB5557309226,928
MLB5556562542,929
MLB5556549770,930
MLB5556532684,931
MLB5556458846,932
MLB5556447452,933
MLB4155166621,934
MLB4155160963,935
MLB4154934227,936
MLB5573790388,937
MLB5573659292,938
MLB5572993590,939
MLB5572982830,940
MLB5572982460,941
MLB4159642131,942
MLB4159626041,943
MLB4159625669,944
MLB4159574805,945
MLB4159526095,946
MLB4159465069,947
MLB4159099117,948
MLB4158833753,949
MLB4158832805,950
MLB4158765139,951
MLB4158738139,952
MLB5575302718,953
MLB5575268488,954
MLB5575238058,955
MLB5575200778,956
MLB5575197878,957
MLB5575178408,958
MLB5575138188,959
MLB5575090462,960
MLB5575078388,961
MLB5575073266,962
MLB5575070702,963
MLB4160182539,964
MLB4160148159,965
MLB4160079815,966
MLB4159986707,967
MLB5656600330,968
MLB5656423254,969
MLB4186600721,970
MLB5664611190,971
MLB5663368164,972
MLB5663358564,973
MLB5663268708,974
MLB5663264800,975
MLB4190099691,976
MLB5677583998,977
MLB5677569004,978
MLB5677563432,979
MLB5677560318,980
MLB5677556850,981
MLB5677536124,982
MLB5677497354,983
MLB5677478064,984
MLB5677475768,985
MLB5677472818,986
MLB5677469998,987
MLB5677453170,988
MLB5677441992,989
MLB5677396438,990
MLB4196670703,991
MLB5681701922,992
MLB5681688030,993
MLB5681682954,994
MLB5681661674,995
MLB5681650296,996
MLB5681636036,997
MLB5681633506,998
MLB5681631040,999
MLB5681624522,1000
